Name,Twitter Handle,Hometown,Miles from AA,First Offer,Last Offer,Official Visit,Last Official Visit,Attended Michigan,In-State
Jaelan Phillips,JJPhillips15,"REDLANDS, CA",2205,0,0,0,0,0,0
Najee Harris,ohthatsNajee22,"ANTIOCH, CA",2329,1,0,1,1,0,0
Cam Akers,thereal_cam3,"CLINTON, MS",935,0,0,0,0,0,0
Alex Leatherwood,Alskee_,"PENSACOLA, FL",963,0,0,1,0,0,0
Foster Sarell,thebigfozbear,"GRAHAM, WA",2320,0,0,0,0,0,0
Marvin Wilson,RDMW6,"BELLAIRE, TX",1296,0,0,0,0,0,0
Chase Young,youngchase907,"HYATTSVILLE, MD",521,0,0,0,0,0,0
Jeffrey Okudah,TheJeffOkudah,"GRAND PRAIRIE, TX",1178,0,0,0,0,0,0
Walker Little,walkerlittle45,"BELLAIRE, TX",1296,0,0,0,0,0,0
Joshua Kaindoh,_jkaindoh,"BRADENTON, FL",1203,0,0,0,0,0,0
Baron Browning,baronbrwnng,"KENNEDALE, TX",1166,0,0,1,0,0,0
Donovan Peoples-Jones,dpeoplesjones,"DETROIT, MI",44,0,0,1,0,1,1
Dylan Moses,Dylan1Moses_,"BRADENTON, FL",1203,0,0,0,0,0,0
Trey Smith,smithtrey98,"JACKSON, TN",647,0,0,0,0,0,0
Davis Mills,Millsions,"NORCROSS, GA",714,0,0,0,0,0,0
Isaiah Wilson,_LayZay_,"BROOKLYN, NY",617,0,0,1,0,0,0
Shaun Wade,shaunwade2017,"JACKSONVILLE, FL",998,0,0,0,0,0,0
JaCoby Stevens,jacobystevens7,"MURFREESBORO, TN",552,0,0,0,0,0,0
Tee Higgins,teehiggins5,"OAK RIDGE, TN",498,0,0,0,0,0,0
Stephen Carr,yt_deon,"FONTANA, CA",2194,0,0,0,0,0,0
Jerry Jeudy,jerryjeudy,"POMPANO BEACH, FL",1335,0,1,0,0,0,0
Darnay Holmes,ProwayDarnay,"CALABASAS, CA",2263,0,0,0,0,0,0
Aubrey Solomon,AubreySolomon91,"LEESBURG, GA",886,0,0,1,0,1,0
Wyatt Davis,wyattdavis53,"BELLFLOWER, CA",2241,0,0,0,0,0,0
Richard LeCounte III,LilEasy_35,"RICEBORO, GA",907,0,0,0,0,0,0
Calvin Ashley,whiteboii_Cali,"WASHINGTON, DC",522,0,0,0,0,0,0
A.J. Epenesa,ajepenesa24,"EDWARDSVILLE, IL",486,0,0,0,0,0,0
LaBryan Ray,LabryanRay,"MADISON, AL",636,0,0,0,0,0,0
Hunter Johnson,HunterPh413,"BROWNSBURG, IN",281,0,0,0,0,0,0
Joseph Lewis,NoFootball4Me,"LOS ANGELES, CA",2240,0,0,0,0,0,0
D'Andre Swift,DAndreSwift,"PHILADELPHIA, PA",582,0,0,0,0,0,0
Jedrick Wills,JWills73,"LEXINGTON, KY",332,0,0,1,0,0,0
Austin Jackson,ChocoDro,"PHOENIX, AZ",1964,0,0,0,0,0,0
Colby Parkinson,CJ51,"THOUSAND OAKS, CA",2273,0,0,0,0,0,0
K'Lavon Chaisson,WhosThatGuy4,"HOUSTON, TX",1289,0,0,0,0,0,0
Stanford Samuels,SSIII_,"HOLLYWOOD, FL",1331,0,0,0,0,0,0
Jay Tufele,tufele123,"SOUTH JORDAN, UT",1630,0,0,1,0,0,0
Jeff Thomas,theregoes4,"EAST SAINT LOUIS, IL",505,1,0,0,0,0,0
Trevon Grimes,TrevonGrimes7,"FORT LAUDERDALE, FL",1324,0,0,0,0,0,0
Devon Hunter,devonhunter11,"CHESAPEAKE, VA",719,0,0,0,0,0,0
Lamont Wade,Goony_38,"CLAIRTON, PA",299,0,0,0,0,0,0
Andrew Thomas,allforgod_55,"ATLANTA, GA",710,0,0,0,0,0,0
Cesar Ruiz,_OverCees,"BRADENTON, FL",1203,0,0,1,0,1,0
Austin Deculus,austindeculus76,"CYPRESS, TX",1289,0,0,0,0,0,0
Deangelo Gibbs,GibbsDeangelo,"LOGANVILLE, GA",738,0,1,0,0,0,0
Tyjon Lindsey,tyjonlindsey,"LAS VEGAS, NV",1971,0,0,0,0,0,0
Paris Ford,DiddyBop1_,"PITTSBURGH, PA",284,0,0,0,0,0,0
Josh Myers,josh_myers58,"MIAMISBURG, OH",207,0,0,0,0,0,0
AJ Terrell,terrellaj56,"ATLANTA, GA",710,0,0,0,0,0,0
Tate Martell,TheTateMartell,"LAS VEGAS, NV",1971,0,0,0,0,0,0
Luji Vilain,Luiji_V,"ALEXANDRIA, VA",527,0,0,1,1,1,0
Bubba Bolden,BubbBolden,"LAS VEGAS, NV",1971,0,1,0,0,0,0
Marlon Tuipulotu,marlont_51,"INDEPENDENCE, OR",2402,0,0,0,0,0,0
Isaiah Pryor,D1Zay13,"BRADENTON, FL",1203,1,0,0,0,0,0
Deommodore Lenoir,Deommo_Lenoir,"LOS ANGELES, CA",2240,0,0,0,0,0,0
Anthony Hines,TheAntHines_Era,"PLANO, TX",1120,0,0,0,0,0,0
Grant Delpit,grantdelpit_,"BRADENTON, FL",1203,0,0,0,0,0,0
Ty Chandler,Channdler_35,"NASHVILLE, TN",522,0,0,0,0,0,0
Tedarrel Slaton,d1bound0_77,"FORT LAUDERDALE, FL",1324,0,0,0,0,0,0
Willie Gay Jr.,WillieYRN,"STARKVILLE, MS",787,0,0,1,0,0,0
Brock Wright,brockjwright40,"CYPRESS, TX",1289,0,0,0,0,0,0
Jhamon Ausbon,TheJhamonAusbon,"HOUSTON, TX",1289,0,0,0,0,0,0
D.J. Johnson,king_dj01,"SACRAMENTO, CA",2270,0,0,0,0,0,0
Henry Ruggs III,__RUGGS,"MONTGOMERY, AL",801,0,0,0,0,0,0
Jamyest Williams,Jamy0602,"LOGANVILLE, GA",738,0,0,0,0,0,0
Drew Singleton,_DrewSingleton,"PARAMUS, NJ",609,0,0,1,1,1,0
Maleik Gray,graymaleik,"LAVERGNE, TN",537,0,0,0,0,0,0
Jaylon Johnson,NBAxJay7,"FRESNO, CA",2365,0,1,0,0,0,0
Cole Kmet,ColeKmet,"ARLINGTON HEIGHTS, IL",275,0,1,0,0,0,0
Justin Broiles,JustinbroilesJ,"OKLAHOMA CITY, OK",1007,0,0,0,0,0,0
Robert Hainsey,r_hainsey56,"BRADENTON, FL",1203,0,0,0,0,0,0
Todd Harris,P0DNUH,"PLAQUEMINE, LA",1122,0,0,0,0,0,0
Netori Johnson,ATLNETORIJ,"ELLENWOOD, GA",729,0,0,0,0,0,0
Tyrell Shavers,rell4six,"LEWISVILLE, TX",1131,0,0,0,0,0,0
CJ Thorpe,_thatkidsavage,"PITTSBURGH, PA",284,0,0,0,0,0,0
Ambry Thomas,Tavonn_,"DETROIT, MI",44,0,0,1,1,1,1
Jarez Parks,TheGAMEisKiLLER,"SEBASTIAN, FL",1194,0,0,0,0,0,0
Jake Moretti,J_Moretti17,"ARVADA, CO",1229,1,0,0,0,0,0
Kary Vincent,__KCINCO,"PORT ARTHUR, TX",1292,0,0,0,0,0,0
Anthony McFarland Jr.,AnttMacc_,"HYATTSVILLE, MD",521,0,0,0,0,0,0
Markail Benton,king_benton_,"PHENIX CITY, AL",813,0,0,0,0,0,0
Greg Johnson,quick6gjohnson,"LOS ANGELES, CA",2240,0,0,0,0,0,0
Tyrese Robinson,tyrese_robinson,"MCKINNEY, TX",1106,0,0,0,0,0,0
Christopher Allen,Allen_Greatness,"BATON ROUGE, LA",1110,0,0,0,0,0,0
Jordan Anthony,Jordan_LittleBO,"BRADENTON, FL",1203,0,0,1,0,1,0
Robert Beal,robertbeal6,"SUWANEE, GA",729,0,0,0,0,0,0
Hamsah Nasirildeen,nasirildeen,"CONCORD, NC",621,0,0,0,0,0,0
Chuck Filiaga,CFiliaga,"ALEDO, TX",1215,0,0,1,0,1,0
Alijah Vera-Tucker,yung_lijh,"OAKLAND, CA",2350,0,0,0,0,0,0
Tarik Black,LetmeRockk_,"CHESHIRE, CT",694,0,0,1,0,1,0
Tylan Wallace,OfficialTylan2,"FORT WORTH, TX",1203,0,0,0,0,0,0
Daniel Wright,_Wright3470,"FORT LAUDERDALE, FL",1351,0,0,0,0,0,0
Dylan McCaffrey,dcaf20,"LITTLETON, CO",1237,0,0,1,1,1,0
Greg Rogers,CityBoyGreg,"LAS VEGAS, NV",1972,0,0,0,0,0,0
Jeremiah Holloman,Obey_Classics,"COVINGTON, GA",744,0,0,0,0,0,0
Micah Clark,MicahClark17,"HOLMDEL, NJ",637,0,0,0,0,0,0
Zachary Carter,_ZachAttacks,"TAMPA, FL",1167,0,0,0,0,0,0
Eno Benjamin,eno_benjamin5,"WYLIE, TX",1147,0,0,0,0,0,0
Osiris St. Brown,osiristbrown,"ANAHEIM, CA",2233,0,0,0,0,0,0
Hunter Echols,hunter_tyb,"LOS ANGELES, CA",2240,0,0,0,0,0,0
Jaden Hunter,onejhunter,"ATLANTA, GA",615,0,0,0,0,0,0
Nico Collins,lbg_nico7,"PINSON, AL",704,0,0,1,0,1,0
CJ Henderson,HendersonChris_,"MIAMI, FL",1373,0,0,0,0,0,0
Josh Falo,Josh_falo,"SACRAMENTO, CA",2273,0,0,0,0,0,0
Chaz Ah You,chazahyou3,"PROVO, UT",1639,0,0,0,0,0,0
Darnell Ewell,dewell16,"NORFOLK, VA",708,1,0,0,0,0,0
Chevin Calloway,_chev1_,"DALLAS, TX",1165,0,0,0,0,0,0
Brad Stewart,B_Stew5,"NEW ORLEANS, LA",1052,0,0,0,0,0,0
Malik Herring,HerringMalik,"FORSYTH, GA",770,0,0,0,0,0,0
Alex Perry,alexperry4lv,"LAS VEGAS, NV",1972,0,0,0,0,0,0
Justin Foster,Fosterkiddddd,"SHELBY, NC",637,0,0,0,0,0,0
Cordarrian Richardson,thegreatest_5,"MEMPHIS, TN",730,0,0,0,0,0,0
Omar Manning,TheOmarManning,"LANCASTER, TX",1175,0,0,0,0,0,0
Toneil Carter,CarterToneil,"HOUSTON, TX",1289,0,0,0,0,0,0
Nate McBride,nmcbride13,"VIDALIA, GA",874,0,0,0,0,0,0
Lynn Bowden,H_Huncho,"YOUNGSTOWN, OH",225,0,0,0,0,0,0
Aaron Banks,bigaaronbanks,"EL CERRITO, CA",2342,0,0,1,1,0,0
Leonard Warner,og_leo_,"SNELLVILLE, GA",731,0,0,0,0,0,0
Jaylen Harris,JHarris5_,"CLEVELAND, OH",167,0,0,0,0,0,0
Kendall Randolph,KendallRandolp1,"MADISON, AL",636,0,0,0,0,0,0
Oliver Martin,O_Martin3,"IOWA CITY, IA",446,0,0,0,0,1,0
Marcus Williamson,WW_Marcus,"BRADENTON, FL",1203,0,0,0,0,0,0
Marco Wilson,MJW_era,"FORT LAUDERDALE, FL",1351,0,0,0,0,0,0
Amir Riep,Riep_Amir,"CINCINNATI, OH",250,0,0,0,0,0,0
Hezekiah Jones,_hezekiahh,"STAFFORD, TX",1308,0,0,0,0,0,0
Jaylon Redd,CarsonBooyJay21,"RANCHO CUCAMONGA, CA",2200,1,0,0,0,0,0
Trey Sermon,treyera,"MARIETTA, GA",692,0,0,0,0,0,0
Sione Lund,LundSione,"SALT LAKE CITY, UT",1623,0,0,0,0,0,0
Henry Bainivalu,HBainivalu,"SEATTLE, WA",2308,0,0,0,0,0,0
Markquese Bell,MarkqueseB,"BRIDGETON, NJ",621,1,0,0,0,0,0
William Poole III,__wp3,"ATLANTA, GA",710,0,0,0,0,0,0
Shawn Robinson,Dshawn_12era,"DESOTO, TX",1181,0,0,0,0,0,0
LeAnthony Williams Jr.,LWilliams_4,"ROSWELL, GA",703,0,0,0,0,0,0
Ta'Quon Graham,quon_49,"TEMPLE, TX",1294,0,0,0,0,0,0
D'Antne Demery,bigmandemery,"BRUNSWICK, GA",937,0,0,0,0,0,0
Obinna Eze,MAJORBUSQUET,"NASHVILLE, TN",522,0,0,0,0,0,0
Kayden Lyles,Klyles60,"MIDDLETON, WI",400,0,1,0,0,0,0
Brett Neilon,brettn110,"RANCHO SANTA MARGARITA, CA",2244,0,0,0,0,0,0
Fred Hansard,Fred_Hansard56,"PRINCETON, NJ",614,0,0,0,0,0,0
Josh Ross,Joshua_Ross05,"WEST BLOOMFIELD, MI",37,0,0,1,1,1,1
Bruce Jordan-Swilling,BruceJSwilling,"NEW ORLEANS, LA",1052,0,0,0,0,0,0
Malcom Askew,MacAskew4,"MCCALLA, AL",729,0,0,0,0,0,0
Kennedy Brooks,offenseofmind,"MANSFIELD, TX",1200,0,0,0,0,0,0
Kevin Jarvis,kevinjarvis71,"PARK RIDGE, IL",266,0,0,0,0,0,0
Earnest Brown,ErnieBIV,"DENTON, TX",1169,0,0,0,0,0,0
Ryan Johnson,ryanjohnson_50,"MOBILE, AL",967,0,0,0,0,0,0
Trajan Bandy,BandyTrajan,"MIAMI, FL",1373,0,0,0,0,0,0
Colin Wilson,dagoku_kid3,"GREEN COVE SPRINGS, FL",1029,0,0,0,0,0,0
Tyler Johnson,TyJohnson87,"GILBERT, AZ",1954,0,0,0,0,0,0
David Adams,David_Adams1335,"PITTSBURGH, PA",284,0,0,0,0,0,0
James Hudson,__BallisLife2,"TOLEDO, OH",54,0,0,1,1,1,0
Langi Tuifua,LangiTuifua,"SOUTH JORDAN, UT",1630,0,0,0,0,0,0
Kasim Hill,Khillqb11,"WASHINGTON, DC",519,0,0,0,0,0,0
Terrel Bynum,TDBynum,"BELLFLOWER, CA",2241,0,0,0,0,0,0
Daquon Green,iamDG7,"TAMPA, FL",1166,0,1,0,0,0,0
Matt Bockhorst,MattBockhorst,"CINCINNATI, OH",250,0,0,0,0,0,0
CJ Holmes,CjHo1mes,"CHESHIRE, CT",694,0,0,0,0,0,0
Deron Irving-Bey,FatGlizzy__,"FLINT, MI",55,0,0,1,1,1,1
Jaylen Kelly-Powell,JKellypowell,"DETROIT, MI",44,0,0,1,1,1,1
Bo Melton,getbusy__bo,"EGG HARBOR CITY, NJ",640,0,0,0,0,0,0
Kai-Leon Herbert,KHerb17,"FORT LAUDERDALE, FL",1351,0,0,1,0,0,0
DeeJay Dallas,DeejayDallas5,"BRUNSWICK, GA",937,0,0,0,0,0,0
Breon Dixon,Breondixon_4,"SUWANEE, GA",729,0,0,0,0,0,0
Ellis Brooks,EllisBrooks35,"RICHMOND, VA",614,0,0,0,0,0,0
Corey Malone-Hatcher,CMH2017,"SAINT JOSEPH, MI",148,0,0,1,1,1,1
O'Maury Samuels,schmallz20,"LOS LUNAS, NM",1571,0,0,1,1,1,0
Elijah Gates,Elijahgatess,"BUENA PARK, CA",2240,0,0,0,0,0,0
CJ Cotman,CotmanCj,"CLEARWATER, FL",1188,0,0,0,0,0,0
Todd Sibley,ToddSib23,"AKRON, OH",190,0,0,0,0,0,0
Adrian Ealy,adrian_ealy,"GONZALES, LA",1105,0,0,0,0,0,0
Akial Byers,akial_byers,"FAYETTEVILLE, AR",865,0,0,0,0,0,0
Isaiah Hodgins,IsaiahHodgins,"WALNUT CREEK, CA",2339,0,0,0,0,0,0
Pete Werner,petewerner23,"MOUNT VERNON, IN",452,0,0,0,0,0,0
Jonathan Sutherland,jay_suth,"ALEXANDRIA, VA",527,0,1,0,0,0,0
Bailey Hockman,B10aileyhockman,"POWDER SPRINGS, GA",694,0,0,0,0,0,0
Matt Dotson,Mattdotson21,"CINCINNATI, OH",250,0,0,0,0,0,0
Major Tennison,major_tennison,"BULLARD, TX",1123,0,0,0,0,0,0
Jordan McNair,Seven__Zer0,"OWINGS MILLS, MD",524,0,0,1,1,0,0
Donovan Jeter,JeteNificent34,"BEAVER FALLS, PA",254,0,0,1,0,1,0
Jimmy Jaggers,jimmy_jaggers,"ROSEVILLE, CA",2253,0,0,0,0,0,0
Tyrell Ajian,tyrellAjian,"MANSFIELD, OH",154,0,0,0,0,0,0
Charles Reeves,ihoo_cr15,"STEUBENVILLE, OH",283,1,0,0,0,0,0
Antjuan Simmons,_antjuan_,"ANN ARBOR, MI",0,0,0,0,0,0,1
Kenney Britt,K_Britt10,"OXFORD, AL",733,0,0,0,0,0,0
MJ Webb,mwebb_8,"MADISON, GA",769,0,0,0,0,0,0
JaRaymond Hall,hall_american,"OAK PARK, MI",39,1,0,1,1,1,1
A.J. Davis,fyeboii,"LAKELAND, FL",1157,0,0,0,0,0,0
Jaevon McQuitty,Yaboyjae19,"COLUMBIA, MO",597,0,0,0,0,0,0
Mike Harley,harleyxvi,"FORT LAUDERDALE, FL",1351,0,0,0,0,0,0
Will Ignont,WillIgnont,"HUNTSVILLE, AL",631,0,0,0,0,0,0
JaVonte Richardson,Jigg_Starter,"MAPLE HEIGHTS, OH",171,0,0,0,0,0,0
Kedrick James,kedrickjames044,"WACO, TX",1268,0,0,0,0,0,0
Tre Shaw,BcgTr3,"ELLENWOOD, GA",729,0,0,0,0,0,0
KJ Hamler,Kj_hamler,"BRADENTON, FL",1203,0,0,0,0,0,0
Dalyn Wade-Perry,DalynWP,"ENGLEWOOD, NJ",614,0,0,0,0,0,0
Grant Polley,gapolley44,"DENTON, TX",1169,0,0,0,0,0,0
Monty Rice,RiceMonty,"MADISON, AL",636,0,0,0,0,0,0
Breyon Gaddy,GaddyBreyon,"VIRGINIA BEACH, VA",721,0,0,0,0,0,0
Benjamin St-Juste,Benj_Juice,"MONTREAL, QC",601,0,0,1,0,1,0
Logan Rudolph,Logan4Rudolph,"ROCK HILL, SC",642,0,0,0,0,0,0
Chase Hayden,Chase_Hayden2,"COLLIERVILLE, TN",720,0,0,1,0,0,0
Elijah Hicks,ELITHEMAN1,"LA MIRADA, CA",2235,0,0,1,1,0,0
Taariq Johnson,JohnsonTaariq,"BUENA PARK, CA",2240,0,0,0,0,0,0
Rutger Reitmaier,ReitmaierRutger,"NASHVILLE, TN",522,0,0,1,1,0,0
Sampson Niu,saampsoniu,"SAN DIEGO, CA",2301,0,1,0,0,0,0
Ameer Speed,OG__speed,"JACKSONVILLE, FL",1000,0,0,0,0,0,0
J.T. Cauthen,CauthenJt,"WAXHAW, NC",645,0,0,0,0,0,0
Andrew Steuber,AndrewStueber99,"DARIEN, CT",654,0,0,1,1,1,0
Jordan Reid,THE__GREAT__,"DETROIT, MI",44,0,0,0,0,0,1
Neil Farrell,oops_Imsopaid,"MOBILE, AL",967,0,0,0,0,0,0
Billy Ross,RossBr7813,"HUNTINGTON, WV",321,0,0,0,0,0,0
Martin Andrus,Martin_A__,"LOS ANGELES, CA",2240,0,0,0,0,0,0
J'Marick Woods,JL_Woods1,"FLORENCE, AL",652,1,0,1,0,1,0
Juwan Burgess,OakhurstFredoo,"TAMPA, FL",1166,0,0,0,0,0,0
Tyler Beach,venomt57,"PORT WASHINGTON, WI",365,1,0,0,0,0,0
Justin Shaffer,shafferjustin77,"ELLENWOOD, GA",729,0,0,0,0,0,0
Jon Ford,Ford__1,"FORT LAUDERDALE, FL",1351,0,0,0,0,0,0
Popo Aumavae,PopoAumavae,"STOCKTON, CA",2321,0,0,0,0,0,0
Tre' McKitty,T_mckitty,"BRADENTON, FL",1203,0,0,0,0,0,0
Jaquan Henderson,JaquanHenderso2,"COVINGTON, GA",744,0,0,0,0,0,0
Tyler Smith,_lac14,"POWDER SPRINGS, GA",694,0,1,0,0,0,0
Mekhi Becton,MekhiBecton_,"HIGHLAND SPRINGS, VA",626,0,1,1,0,0,0
Will Register,WRegister88,"CHAPIN, SC",741,0,0,0,0,0,0
A.J. Dillon,ajdillon7,"NEW LONDON, CT",737,0,0,1,1,0,0
Alex Cook,Alexcook_2,"SACRAMENTO, CA",2270,0,1,0,0,0,0
Trevor Kent,TREVOR_KENT87,"PITTSBURG, KS",814,0,0,0,0,0,0
Juliano Falaniko,Juliano34733998,"PAGO PAGO, AS",6725,0,0,0,0,0,0
Adarius Lemons,adariuslemons,"CLEARWATER, FL",1188,0,0,0,0,0,0
Tre Swilling,TreSwilling,"NEW ORLEANS, LA",1052,0,0,0,0,0,0
Brad Hawkins,bradhawkins9,"CAMDEN, NJ",586,0,0,1,1,1,0
Kenneth Murray,murrayyy_2,"MISSOURI CITY, TX",1304,0,0,0,0,0,0
Deontre Thomas,deontrele,"MUSTANG, OK",1024,0,0,0,0,0,0
Joel Honigford,jhonig44,"SUGARCREEK, OH",201,0,0,0,0,1,0
Amari Carter,Carter_Fame,"PALM BEACH GARDENS, FL",1297,0,0,0,0,0,0
Guy Thomas,17sackmangt,"MIAMI, FL",1373,0,0,0,0,0,0
Carter Warren,CarterWarren79,"PATERSON, NJ",601,0,0,0,0,0,0
Phillip Paea,Phill_paea,"BERRIEN SPRINGS, MI",156,0,0,1,1,1,1
Brelin Faison-Walden,BrelinFaison,"GREENSBORO, NC",596,0,0,1,0,0,0
Alex Forsyth,alexforsyth75,"WEST LINN, OR",2352,0,0,0,0,0,0
Jack Coan,jcoan17,"WEST SAYVILLE, NY",670,0,0,0,0,0,0
Jordan Wright,JayyDubb15,"FORT LAUDERDALE, FL",1351,0,0,0,0,0,0
De'Andre Wilder,Eyecandy_WILDer,"OPA LOCKA, FL",1363,0,0,0,0,0,0
Kivon Bennett,kb_versace,"HOLLYWOOD, FL",1357,1,0,0,0,0,0
Kwity Paye,kwitypaye,"WARWICK, RI",785,0,0,1,1,1,0
Damon Williams,new_uno,"GADSDEN, AL",696,0,0,0,0,0,0
Brian Polendey,polendey87,"DENTON, TX",1169,1,0,0,0,0,0
Emmanuel McNeil,Eazy_Money_,"LAWRENCEVILLE, GA",728,0,0,0,0,0,0
Kane Taylor,taylor_kane11,"CLEARWATER, FL",1188,0,0,0,0,0,0
AJ Harris,aharris59,"MADISON, AL",636,0,0,0,0,0,0
Dalton Keene,DaltonKeene18,"LITTLETON, CO",1237,0,0,0,0,0,0
Anthony Payne,AnthonyPaynee,"PECULIAR, MO",748,0,1,0,0,0,0
Joshua Fedd-Jackson,JoshF_Jackson65,"NORTH ARLINGTON, NJ",610,0,0,0,0,0,0
Logan Bruss,LoganBruss,"KIMBERLY, WI",448,0,0,0,0,0,0
Tank Robinson,_TankDaGreat_,"SANTEE, SC",770,0,0,0,0,0,0
Leroy Henley,leedady1998,"DEERFIELD BEACH, FL",1334,0,0,0,0,0,0
Corey Bolds,Chief_Corey,"PARAMUS, NJ",608,1,0,0,0,0,0
Shanon Reid,SReezy21,"FORT MYERS, FL",1284,0,0,1,0,0,0
Damion Daniels,damiondaniels60,"DALLAS, TX",1174,0,0,0,0,0,0
Dayo Odeyingbo,dodeyingbo,"CARROLLTON, TX",1131,0,0,0,0,0,0
Toryque Bateman,35Reek,"GADSDEN, AL",696,0,0,0,0,0,0
Meshael Custis,Shy22Custis,"HAMPTON, GA",738,0,0,0,0,0,0
Kenedy Snell,k_snell2,"WAXAHACHIE, TX",1203,0,0,0,0,0,0
James Houston,Jthouston_4,"FORT LAUDERDALE, FL",1351,0,0,0,0,0,0
Drew Dalman,drewww0,"SALINAS, CA",2442,0,0,0,0,0,0
Robert Porcher IV,Rporcher4,"ORLANDO, FL",1147,0,0,1,0,0,0
Trey Pugh,pughtr3y,"PLAIN CITY, OH",167,0,0,0,0,0,0
Matt Landers,M_Landers1,"SAINT PETERSBURG, FL",1189,0,0,0,0,0,0
Sterling Jones,sterlingj32,"MONTGOMERY, AL",801,0,0,0,0,0,0
Bradley Jennings Jr.,BjBradleyj13,"JACKSONVILLE, FL",1000,0,0,0,0,0,0
Randall Haynie,R5_era,"FORT LAUDERDALE, FL",1351,0,0,0,0,0,0
Jelani Woods,jelani_thegreat,"ELLENWOOD, GA",729,0,0,0,0,0,0
Brandon Sebastian,203_brandon,"CHESHIRE, CT",694,0,0,1,1,0,0
Clevan Thomas,aborn_star,"MIAMI, FL",1373,0,0,0,0,0,0
Jordyn Peters,KingPete_x,"MUSCLE SHOALS, AL",656,0,0,0,0,0,0
Zech Byrd,zechz_world_,"MILLBROOK, AL",793,0,0,0,0,0,0
Kyshaun Bryan,KyshaunB,"FORT LAUDERDALE, FL",1351,0,0,0,0,0,0
Matthew Huhn,AtillaTheHuhn60,"SAN ANTONIO, TX",1447,0,0,0,0,0,0
Scott Nelson,_scottnelson,"DETROIT, MI",44,0,0,0,0,0,1
Kedonis Haslem,headhuncho77,"FORT LAUDERDALE, FL",1351,0,0,0,0,0,0
Ben Mason,benmason41,"SANDY HOOK, CT",667,0,0,1,1,1,0
Colin Anderson,Da_Bubblez,"KILLEN, AL",642,0,0,0,0,0,0
Josh Palmer,FlowerCitysOwn,"BRAMPTON, ON",260,0,0,0,0,0,0
Allen Sritzinger,Stay_Winnin_,"WARREN, MI",53,1,0,0,0,0,1
Jeremiah Zio,Jzio_24,"SAINT PETERSBURG, FL",1189,0,0,0,0,0,0
Matt Hankins,Matt_Hankins1,"FLOWER MOUND, TX",1141,0,1,1,1,0,0
Juan Harris,The_JH76_,"JANESVILLE, WI",352,1,0,1,0,0,0
Donovan Winter,drockvrp22,"ORLANDO, FL",1147,1,0,0,0,0,0
Garret Wallow,gwallow_12,"NEW ORLEANS, LA",1050,0,0,0,0,0,0
Kurt Taylor,KurtTaylorRb2,"COVINGTON, GA",745,0,0,0,0,1,0
Drew White,Drew_white11,"FORT LAUDERDALE, FL",1351,0,0,0,0,0,0
Mike Epstein,Dat26Kid,"FORT LAUDERDALE, FL",1351,0,0,0,0,0,0
Tory Carter,Tory44Carter,"LEESBURG, GA",886,0,0,0,0,0,0
Jordan Merrell,jordanmerrell1,"LIGONIER, PA",331,0,0,0,0,0,0
Malik Horton,MalikHorton_5,"PHILADELPHIA, PA",582,0,0,0,0,0,0
Collin Smith,Collin17Smith,"MENOMONIE, WI",584,1,0,0,0,0,0
Chase Lasater,ChaseLasater,"JACKSONVILLE, FL",1000,0,0,0,0,0,0
Carter Dunaway,c_dunaway50,"BLOOMFIELD HILLS, MI",44,1,0,0,0,0,1
Ifeatu Melifonwu,Ifeatu_Mel,"GRAFTON, MA",771,0,0,0,0,0,0
Brad Robbins,brobb713,"WESTERVILLE, OH",180,0,0,0,0,1,0